{
  "id": "foundrybank",
  "title": "FoundryBank",
  "description": "Modular financial system for FoundryVTT with banking, loans, interest, stock markets, and full D&D 5e currency integration. Supports multiple economies, custom banks, properties, and dynamic stock markets tied to economic growth.",
  "version": "1.0.0",
  "protected": false,
  "socket": true,
  "compatibility": {
    "minimum": "12",
    "verified": "13",
    "maximum": "13"
  },
  "authors": [
    {
      "name": "epistemophoros"
    }
  ],
  "esmodules": [
    "scripts/foundrybank.js"
  ],
  "styles": [
    "styles/foundrybank.css",
    "styles/gm-manager.css"
  ],
  "languages": [
    {
      "lang": "en",
      "name": "English",
      "path": "lang/en.json"
    }
  ],
  "url": "https://github.com/epistemophoros/FoundryBank",
  "manifest": "https://raw.githubusercontent.com/epistemophoros/FoundryBank/main/module.json",
  "download": "https://github.com/epistemophoros/FoundryBank/archive/refs/heads/main.zip",
  "license": "LICENSE",
  "readme": "README.md",
  "media": [
    {
      "type": "icon",
      "url": "icons/foundrybank-icon.png"
    }
  ]
}

